User,Original Article,content
1,22.1,"""Couldn't help but share this insightful post! It'"
1,13.1,"""ðŸ”„ Fascinating insights here from #Tweet 13.1. Rei"
2,22.1,"""Exceptional insight in tweet 22.1. The values of "
3,17.1,"""Absolutely fascinating insights in this tweet #17"
3,5.1,"""Definitely makes for a fascinating read, presenti"
4,17.1,"""Absolutely compelling read! Although I might lean"
4,44.1,"""Taking a look at tweet 44.1, it certainly brings "
5,17.1,"""Resharing this intriguing perspective! The conver"
5,24.1,"""Really astounded by the depth of knowledge and pe"
5,48.1,"""Really connecting with the deep insights in tweet"
6,30.1,"""Really resonating with #Tweet30.1. It's high time"
6,39.1,"""Rethinking the systems we've known and challengin"
7,30.1,"""Retweet: Fascinating insight into the complexitie"
7,15.1,"""Couldn't agree more with this thought-provoking t"
7,28.1,"""Agreed, couldn't have said it better myself. This"
8,26.1,"""Retweet: Engaging with tweet 26.1, it nails sever"
8,3.1,Retweet: ðŸ’­ Fascinating insights on topic 3.1! Show
9,1.1,"""Absolutely intrigued by this brilliant insight. I"
10,27.1,"""Fully digesting the insights of tweet 27.1. The p"
10,28.1,"""Interesting insight on tweet 28.1. Though we may "
11,15.1,"""ðŸ”„Just came across tweet 15.1 - it's really though"
11,5.1,"""Deeply engrossed by the insights from tweet 5.1. "
11,21.1,"""Really appreciating the insights in #Tweet 21.1. "
12,15.1,Retweet: I found tweet 15.1 intriguing from a cent
12,3.1,"Retweet: ""Interesting perspective shared here. Tho"
12,38.1,"""Balancing points from all perspectives is key. Th"
13,3.1,"""Really intrigued by the insights offered in this "
13,22.1,"""Retweeting #22.1: Deeply resonating with this ins"
14,3.1,"""Such an intriguing take in this. Worth considerin"
14,17.1,"""Absolutely intrigued by the insights shared in tw"
15,6.1,"""Hard to overlook the relevance of this ðŸ‘‡. If we w"
15,11.1,"""Couldn't agree more with tweet 11.1, it beautiful"
15,7.1,"""Deeply engrossed with the thought-provoking point"
15,55.1,"""Retweeting tweet 55.1. This resonates incredibly "
16,3.1,"""Interesting perspective shared in this tweet. The"
16,38.1,"""Really appreciating the depth of thought in tweet"
16,32.1,"""Considering the ideas presented in tweet 32.1, it"
16,55.1,"""Interesting insight in Tweet 55.1. I believe it r"
17,16.1,Retweet: 16.1 provides some really worthwhile insi
17,22.1,"""Couldn't agree more with #tweet22.1. The socio-ec"
18,15.1,"""Interesting insights in tweet 15.1! It's crucial "
19,3.1,"""Interesting perspective shared here. Viewing thin"
19,26.1,"""Interesting insights on tweet 26.1. As a centrist"
20,1.1,"""Balancing both ends of the spectrum, I found the "
20,32.1,Retweet: Interesting perspective on issue 32.1. As
20,15.1,"""Interesting viewpoints being shared in #Tweet15.1"
